{"cameraMode":{"drawMode":0,"name":"Shaded","section":"Shading Mode"},"sceneLighting":true,"audioPlay":false,"sceneViewState":{"showFog":true,"showMaterialUpdate":false,"showSkybox":true,"showFlares":true,"showImageEffects":true,"showParticleSystems":true},"in2DMode":false,"pivot":{"x":-1.1159353256225587,"y":-0.0464940071105957,"z":3.1926186084747316},"rotation":{"x":0.1605001538991928,"y":0.14160317182540894,"z":-0.023272980004549028,"w":0.9765486717224121},"size":17.486095428466798,"orthographic":true}