{"cameraMode":{"drawMode":0,"name":"Shaded","section":"Shading Mode"},"sceneLighting":true,"audioPlay":false,"sceneViewState":{"showFog":true,"showMaterialUpdate":false,"showSkybox":true,"showFlares":true,"showImageEffects":true,"showParticleSystems":true},"in2DMode":false,"pivot":{"x":-16.8671875,"y":2.574145555496216,"z":-2.9298629760742189},"rotation":{"x":0.16758546233177186,"y":0.31613650918006899,"z":-0.056839652359485629,"w":0.9320700168609619},"size":4.3856201171875,"orthographic":true}