{"cameraMode":{"drawMode":0,"name":"Shaded","section":"Shading Mode"},"sceneLighting":false,"audioPlay":false,"sceneViewState":{"showFog":true,"showMaterialUpdate":false,"showSkybox":false,"showFlares":true,"showImageEffects":true,"showParticleSystems":true},"in2DMode":false,"pivot":{"x":579.9000244140625,"y":389.0,"z":0.09999999403953552},"rotation":{"x":0.1801561415195465,"y":-0.3022490441799164,"z":0.05828535929322243,"w":0.9342341423034668},"size":3203.6787109375,"orthographic":true}