{"cameraMode":{"drawMode":0,"name":"Shaded","section":"Shading Mode"},"sceneLighting":true,"audioPlay":false,"sceneViewState":{"showFog":true,"showMaterialUpdate":false,"showSkybox":true,"showFlares":true,"showImageEffects":true,"showParticleSystems":true},"in2DMode":false,"pivot":{"x":0.1183493435382843,"y":3.1729536056518556,"z":-11.00456714630127},"rotation":{"x":0.1673332005739212,"y":-0.12474441528320313,"z":0.02134917676448822,"w":0.9777445793151856},"size":3.90506911277771,"orthographic":true}