{"cameraMode":{"drawMode":0,"name":"Shaded","section":"Shading Mode"},"sceneLighting":true,"audioPlay":false,"sceneViewState":{"showFog":true,"showMaterialUpdate":false,"showSkybox":true,"showFlares":true,"showImageEffects":true,"showParticleSystems":true},"in2DMode":false,"pivot":{"x":225.2811279296875,"y":-153.0008087158203,"z":-88.05730438232422},"rotation":{"x":-0.2201453596353531,"y":-0.778833270072937,"z":0.43867969512939455,"w":-0.3906635642051697},"size":210.36888122558595,"orthographic":false}